Designator,Footprint,Quantity,Value,LCSC Part #
A1,RaspberryPi_Pico_W_SMD,1,RaspberryPi_Pico_W,
"D1, D10, D100, D101, D11, D12, D13, D14, D15, D16, D17, D18, D19, D2, D20, D21, D22, D23, D24, D25, D26, D27, D28, D29, D3, D30, D31, D32, D33, D34, D35, D36, D37, D38, D39, D4, D40, D41, D42, D43, D44, D45, D46, D47, D48, D49, D5, D50, D51, D52, D53, D54, D55, D56, D57, D58, D59, D6, D60, D61, D62, D63, D64, D65, D66, D67, D68, D69, D7, D70, D71, D72, D73, D74, D75, D76, D77, D78, D79, D8, D80, D81, D82, D83, D84, D85, D86, D87, D88, D89, D9, D90, D91, D92, D93, D94, D95, D96, D97, D98, D99",D_SOD-123,101,1N4148W,
"SW1, SW10, SW101, SW11, SW12, SW13, SW14, SW15, SW16, SW17, SW18, SW19, SW2, SW20, SW21, SW22, SW23, SW24, SW25, SW26, SW27, SW28, SW29, SW3, SW31, SW33, SW34, SW35, SW36, SW37, SW38, SW39, SW4, SW40, SW41, SW42, SW43, SW44, SW46, SW48, SW49, SW5, SW50, SW51, SW52, SW53, SW54, SW55, SW56, SW57, SW58, SW6, SW60, SW62, SW63, SW64, SW65, SW66, SW67, SW68, SW69, SW7, SW70, SW71, SW73, SW74, SW79, SW8, SW80, SW81, SW82, SW83, SW84, SW85, SW86, SW87, SW88, SW89, SW9, SW90, SW91, SW93, SW94, SW95, SW96, SW97, SW98",SW_Cherry_MX_1.00u_Plate,87,SW_Push,
"SW100, SW30",SW_Cherry_MX_2.00u_Plate,2,SW_Push,
"SW32, SW45",SW_Cherry_MX_1.50u_Plate,2,SW_Push,
"SW47, SW72",SW_Cherry_MX_1.75u_Plate,2,SW_Push,
"SW59, SW61",SW_Cherry_MX_2.25u_Plate,2,SW_Push,
"SW75, SW76, SW77",SW_Cherry_MX_1.25u_Plate,3,SW_Push,
SW78,SW_Cherry_MX_6.25u_Plate,1,SW_Push,
"SW92, SW99",SW_Cherry_MX_2.00u_Vertical_Plate,2,SW_Push,
