Designator,Mid X,Mid Y,Rotation,Layer
A1,496.41,-178.901539,0.0,top
D1,185.49,-157.74,90.0,bottom
D10,357.21,-157.74,90.0,bottom
D100,116.550781,-252.9775,90.0,bottom
D101,145.120781,-252.98,90.0,bottom
D11,376.03,-157.7475,90.0,bottom
D12,395.29,-157.7375,90.0,bottom
D13,414.42,-157.7375,90.0,bottom
D14,433.44,-157.7375,90.0,bottom
D15,452.28,-157.73,90.0,bottom
D16,185.51,-176.73,90.0,bottom
D17,204.6,-176.79,90.0,bottom
D18,471.403847,-157.74077,90.0,bottom
D19,223.68,-176.7975,90.0,bottom
D2,204.71,-157.7475,90.0,bottom
D20,242.67,-176.7975,90.0,bottom
D21,261.79,-176.7875,90.0,bottom
D22,280.72,-176.7875,90.0,bottom
D23,299.88,-176.79,90.0,bottom
D24,318.94,-176.7975,90.0,bottom
D25,338.04,-176.8,90.0,bottom
D26,357.05,-176.7875,90.0,bottom
D27,376.09,-176.79,90.0,bottom
D28,395.11,-176.8,90.0,bottom
D29,414.18,-176.7975,90.0,bottom
D3,223.71,-157.7375,90.0,bottom
D30,442.72,-176.7975,90.0,bottom
D31,471.23,-176.7975,90.0,bottom
D32,190.22,-195.84,90.0,bottom
D33,214.18,-195.84,90.0,bottom
D34,233.26,-195.84,90.0,bottom
D35,251.97,-195.8475,90.0,bottom
D36,271.33,-195.84,90.0,bottom
D37,290.41,-195.83,90.0,bottom
D38,309.47,-195.8275,90.0,bottom
D39,328.43,-195.8375,90.0,bottom
D4,242.66,-157.74,90.0,bottom
D40,347.45,-195.84,90.0,bottom
D41,366.48,-195.8475,90.0,bottom
D42,385.54,-195.8475,90.0,bottom
D43,404.59,-195.84,90.0,bottom
D44,423.63,-195.8375,90.0,bottom
D45,447.44,-195.8375,90.0,bottom
D46,471.27,-195.8375,90.0,bottom
D47,192.64,-214.8775,90.0,bottom
D48,218.85,-214.8875,90.0,bottom
D49,237.907674,-214.8869,90.0,bottom
D5,261.83,-157.75,90.0,bottom
D50,256.95,-214.8975,90.0,bottom
D51,276.0,-214.89,90.0,bottom
D52,295.056361,-214.893861,90.0,bottom
D53,314.1,-214.89,90.0,bottom
D54,333.156374,-214.893874,90.0,bottom
D55,352.2,-214.9,90.0,bottom
D56,371.25,-214.89,90.0,bottom
D57,390.3,-214.89,90.0,bottom
D58,409.35,-214.89,90.0,bottom
D59,440.3,-214.891512,90.0,bottom
D6,281.1,-157.7475,90.0,bottom
D60,471.258683,-214.888097,90.0,bottom
D61,197.4,-233.9275,90.0,bottom
D62,228.36,-233.9275,90.0,bottom
D63,247.41,-233.9275,90.0,bottom
D64,266.46,-233.9275,90.0,bottom
D65,285.519542,-233.929542,90.0,bottom
D66,304.574313,-233.934313,90.0,bottom
D67,323.61,-233.93,90.0,bottom
D68,342.654241,-233.934241,90.0,bottom
D69,361.71,-233.92,90.0,bottom
D7,300.15,-157.7475,90.0,bottom
D70,380.759542,-233.929542,90.0,bottom
D71,399.81,-233.927234,90.0,bottom
D72,425.94,-233.9275,90.0,bottom
D73,452.14,-233.9275,90.0,bottom
D74,471.26,-233.93,90.0,bottom
D75,187.869999,-252.979875,90.0,bottom
D76,211.69,-252.9775,90.0,bottom
D77,235.5,-252.98,90.0,bottom
D78,306.94,-252.9775,90.0,bottom
D79,375.997979,-252.97801,90.0,bottom
D8,319.25,-157.73,90.0,bottom
D80,395.05,-252.98,90.0,bottom
D81,414.1,-252.98,90.0,bottom
D82,433.15,-252.98,90.0,bottom
D83,452.195758,-252.985758,90.0,bottom
D84,471.27,-252.98,90.0,bottom
D85,107.020781,-176.78,90.0,bottom
D86,126.070781,-176.78,90.0,bottom
D87,145.120781,-176.78,90.0,bottom
D88,164.170781,-176.78,90.0,bottom
D89,107.020781,-195.8275,90.0,bottom
D9,338.27,-157.74,90.0,bottom
D90,126.070781,-195.83,90.0,bottom
D91,145.120781,-195.8275,90.0,bottom
D92,164.170781,-205.3575,90.0,bottom
D93,107.020781,-214.8775,90.0,bottom
D94,126.070781,-214.8775,90.0,bottom
D95,145.120781,-214.8875,90.0,bottom
D96,107.020781,-233.9375,90.0,bottom
D97,126.070781,-233.9275,90.0,bottom
D98,145.120781,-233.9275,90.0,bottom
D99,164.170222,-243.453854,90.0,bottom
SW1,179.425,-159.080627,0.0,top
SW10,350.875,-159.080627,0.0,top
SW100,110.465781,-254.32,0.0,top
SW101,139.035781,-254.32,0.0,top
SW11,369.925,-159.080627,0.0,top
SW12,388.975,-159.080627,0.0,top
SW13,408.025,-159.080627,0.0,top
SW14,427.075,-159.080627,0.0,top
SW15,446.125,-159.080627,0.0,top
SW16,465.175,-159.080627,0.0,top
SW17,179.425,-178.130627,0.0,top
SW18,198.475,-178.130627,0.0,top
SW19,217.525,-178.130627,0.0,top
SW2,198.475,-159.080627,0.0,top
SW20,236.575,-178.130627,0.0,top
SW21,255.625,-178.130627,0.0,top
SW22,274.675,-178.130627,0.0,top
SW23,293.725,-178.130627,0.0,top
SW24,312.775,-178.130627,0.0,top
SW25,331.825,-178.130627,0.0,top
SW26,350.875,-178.130627,0.0,top
SW27,369.925,-178.130627,0.0,top
SW28,388.975,-178.130627,0.0,top
SW29,408.025,-178.130627,0.0,top
SW3,217.525,-159.080627,0.0,top
SW30,436.605,-178.130627,0.0,top
SW31,465.175,-178.130627,0.0,top
SW32,184.174265,-197.177437,0.0,top
SW33,208.005,-197.180627,0.0,top
SW34,227.055,-197.180627,0.0,top
SW35,246.105,-197.180627,0.0,top
SW36,265.155,-197.180627,0.0,top
SW37,284.205,-197.180627,0.0,top
SW38,303.255,-197.180627,0.0,top
SW39,322.305,-197.180627,0.0,top
SW4,236.575,-159.080627,0.0,top
SW40,341.355,-197.180627,0.0,top
SW41,360.405,-197.180627,0.0,top
SW42,379.455,-197.180627,0.0,top
SW43,398.505,-197.180627,0.0,top
SW44,417.555,-197.180627,0.0,top
SW45,441.365,-197.180627,0.0,top
SW46,465.175,-197.180627,0.0,top
SW47,186.552765,-216.221201,0.0,top
SW48,212.765,-216.230627,0.0,top
SW49,231.815,-216.230627,0.0,top
SW5,255.625,-159.080627,0.0,top
SW50,250.865,-216.230627,0.0,top
SW51,269.915,-216.230627,0.0,top
SW52,288.965,-216.230627,0.0,top
SW53,308.015,-216.230627,0.0,top
SW54,327.065,-216.230627,0.0,top
SW55,346.115,-216.230627,0.0,top
SW56,365.165,-216.230627,0.0,top
SW57,384.215,-216.230627,0.0,top
SW58,403.265,-216.230627,0.0,top
SW59,434.215,-216.230627,0.0,top
SW6,274.675,-159.080627,0.0,top
SW60,465.175,-216.230627,0.0,top
SW61,191.318399,-235.27,0.0,top
SW62,222.275,-235.27,0.0,top
SW63,241.325,-235.27,0.0,top
SW64,260.375,-235.27,0.0,top
SW65,279.425,-235.27,0.0,top
SW66,298.475,-235.27,0.0,top
SW67,317.525,-235.27,0.0,top
SW68,336.575,-235.27,0.0,top
SW69,355.625,-235.27,0.0,top
SW7,293.725,-159.080627,0.0,top
SW70,374.675,-235.27,0.0,top
SW71,393.725,-235.27,0.0,top
SW72,419.856081,-235.266345,0.0,top
SW73,446.055,-235.270627,0.0,top
SW74,465.175,-235.270627,0.0,top
SW75,181.7925,-254.320627,0.0,top
SW76,205.605,-254.320627,0.0,top
SW77,229.4175,-254.320627,0.0,top
SW78,300.855,-254.32,0.0,top
SW79,369.91,-254.32,0.0,top
SW8,312.775,-159.080627,0.0,top
SW80,388.96,-254.32,0.0,top
SW81,408.01,-254.32,0.0,top
SW82,427.06,-254.32,0.0,top
SW83,446.11,-254.32,0.0,top
SW84,465.18,-254.32,0.0,top
SW85,100.935781,-178.12,0.0,top
SW86,119.985781,-178.12,0.0,top
SW87,139.035781,-178.12,0.0,top
SW88,158.085781,-178.12,0.0,top
SW89,100.935781,-197.17,0.0,top
SW9,331.825,-159.080627,0.0,top
SW90,119.985781,-197.17,0.0,top
SW91,139.035781,-197.17,0.0,top
SW92,158.085781,-206.70025,0.0,top
SW93,100.935781,-216.22,0.0,top
SW94,119.985781,-216.22,0.0,top
SW95,139.035781,-216.22,0.0,top
SW96,100.935781,-235.27,0.0,top
SW97,119.985781,-235.27,0.0,top
SW98,139.035781,-235.27,0.0,top
SW99,158.085781,-244.8,0.0,top
U1,84.919051,-182.664,0.0,top
